acrobatics,intermediate
acting,intermediate
addiction studies,advanced
adolescent psychology,advanced
adventure,basic
aerospace engineering,advanced
African studies,advanced
agriculture,intermediate
agronomy,advanced
algebra,intermediate
allergies,intermediate
American literature,advanced
ancient civilizations,intermediate
animals,basic
animation,intermediate
anthropology,advanced
anthropology of religion,advanced
applied mathematics,advanced
archaeology,advanced
archaeology of Egypt,advanced
architecture,advanced
aromatherapy,intermediate
art,basic
artificial intelligence,advanced
artificial neural networks,advanced
Asian cuisine,intermediate
Ayurveda,advanced
astronomy,intermediate
astrophotography,advanced
astrophysics,advanced
audio engineering,advanced
auditing,advanced
automotive engineering,advanced
aviation,advanced
baking,basic
baking bread,basic
ballroom dancing,intermediate
behavioral economics,advanced
biodiversity,intermediate
bioengineering,advanced
bioethics,advanced
biographies,intermediate
bioinformatics,advanced
biomechanics,advanced
biosecurity,advanced
biotechnology,advanced
blockchain technology,advanced
blogging,intermediate
body language,intermediate
bonsai cultivation,intermediate
bookbinding,intermediate
botany,advanced
budgeting,intermediate
building conservation,advanced
business,intermediate
business analytics,advanced
business ethics,advanced
calligraphy,intermediate
careers,basic
cartography,advanced
ceramics,intermediate
chemical engineering,advanced
chemistry,intermediate
children's literature,basic
choir singing,intermediate
classics,advanced
climate change,intermediate
cloud computing,advanced
cognitive psychology,advanced
color theory,intermediate
comics,basic
community,basic
comparative literature,advanced
computational biology,advanced
computational linguistics,advanced
conservation,intermediate
consumer behavior,advanced
content marketing,advanced
cooking,basic
corporate finance,advanced
cosmetology,intermediate
cosmology,advanced
crafts,basic
creative writing,intermediate
criminology,advanced
cross-cultural communication,advanced
cryptocurrency,advanced
culinary arts,intermediate
cultural anthropology,advanced
cultural diversity,intermediate
culture,basic
cyber security,advanced
dance,basic
data analysis,advanced
data science,advanced
deaf culture,intermediate
decorative arts,intermediate
demography,advanced
dermatology,advanced
design thinking,advanced
dialect studies,advanced
digital marketing,advanced
digital media,intermediate
diplomacy,advanced
disaster management,advanced
drama therapy,advanced
drawing,basic
drone technology,advanced
e-commerce,intermediate
ecological economics,advanced
ecology,intermediate
economics,intermediate
education,intermediate
education technology,advanced
educational psychology,advanced
elderly care,intermediate
elderly wellness,intermediate
electromagnetism,advanced
electronics,advanced
electronics repair,intermediate
emergency medicine,advanced
emotional intelligence,intermediate
energy management,advanced
engineering,advanced
English literature,advanced
entrepreneurship,intermediate
environment,basic
environmental engineering,advanced
environmental law,advanced
environmental psychology,advanced
environmental science,intermediate
epidemiology,advanced
ergonomics,advanced
esports,intermediate
ethics,intermediate
event management,intermediate
everyday life,basic
evolutionary biology,advanced
extreme sports,intermediate
family,basic
family therapy,advanced
fantasy,basic
fashion,basic
fashion design,intermediate
fashion merchandising,advanced
fermentation,advanced
festivals,basic
film studies,advanced
filmmaking,intermediate
finance,intermediate
finance management,advanced
fine arts,intermediate
fingerprint analysis,advanced
fire safety,basic
first aid,basic
fishing,basic
fitness,basic
floral arrangement,intermediate
floral design,intermediate
flute playing,intermediate
folklore,intermediate
food,basic
forensic psychology,advanced
forensics,advanced
forest conservation,advanced
gaming,basic
gardening,basic
gardening techniques,intermediate
gender studies,advanced
genealogy,intermediate
genetic engineering,advanced
genetics,advanced
geocaching,intermediate
geodesy,advanced
geology,intermediate
geomatics,advanced
geometry,intermediate
glass blowing,intermediate
global health,advanced
graphic design,intermediate
graphic novels,intermediate
green architecture,advanced
gymnastics,intermediate
gymnastics coaching,advanced
hair styling,intermediate
handicrafts,intermediate
harp playing,intermediate
hazardous materials,advanced
healing arts,advanced
health,basic
herbal medicine,advanced
herbalism,advanced
higher education,intermediate
hiking,basic
hiking trails,basic
history,intermediate
hobbies,basic
holidays,basic
home automation,advanced
home brewing,intermediate
home improvement,intermediate
homeopathy,advanced
horticulture,advanced
hospitality,intermediate
hospitality management,advanced
human anatomy,intermediate
human evolution,intermediate
human geography,intermediate
human resources,intermediate
human rights,intermediate
humanitarianism,advanced
hydroponics,advanced
illustration,intermediate
immunology,advanced
industrial design,advanced
industrial engineering,advanced
infectious diseases,advanced
information systems,advanced
information technology,intermediate
infrastructure planning,advanced
innovation management,advanced
instrumental music,intermediate
intellectual property,advanced
interior decorating,intermediate
interior design,intermediate
international business,advanced
international law,advanced
international relations,advanced
international trade,advanced
internet culture,intermediate
investment,intermediate
investment banking,advanced
iOS development,advanced
jewelry making,intermediate
journalism,intermediate
journalism ethics,advanced
journalism photography,intermediate
judicial system,advanced
juicing,basic
karaoke,basic
kayaking,basic
kite flying,basic
knitting,basic
knowledge management,advanced
laboratory science,advanced
landscape architecture,advanced
landscape photography,intermediate
language acquisition,advanced
laser technology,advanced
law,advanced
law enforcement,advanced
leadership,intermediate
leadership training,intermediate
legal studies,advanced
library science,advanced
life coaching,intermediate
limnology,advanced
linguistics,advanced
literature,intermediate
literature analysis,advanced
logistics,advanced
logistics management,advanced
machine learning,advanced
macroeconomics,advanced
magazine publishing,advanced
makeup artistry,intermediate
mammalogy,advanced
management consulting,advanced
manufacturing,advanced
marine biology,advanced
marine conservation,advanced
marine engineering,advanced
marine navigation,advanced
maritime,advanced
marketing,intermediate
marketing research,advanced
marriage counseling,advanced
martial arts,intermediate
massage therapy,intermediate
material science,advanced
mathematics,intermediate
mechanical engineering,advanced
mechatronics,advanced
media studies,intermediate
medical ethics,advanced
medical imaging,advanced
medical technology,advanced
medieval history,advanced
meditation,intermediate
mental health,intermediate
meteor showers,intermediate
meteorology,advanced
microbiology,advanced
microbiome,advanced
microeconomics,advanced
microscopy,advanced
midwifery,advanced
military,intermediate
mobile app development,advanced
modern art,intermediate
molecular biology,advanced
molecular gastronomy,advanced
moral philosophy,advanced
motivational speaking,intermediate
mountaineering,intermediate
movies,basic
multimedia arts,intermediate
museology,advanced
museum studies,advanced
music,basic
music composition,advanced
music production,advanced
music theory,advanced
music therapy,advanced
mysteries,basic
mythology,intermediate
nanoscience,advanced
nanotechnology,advanced
natural disasters,intermediate
natural medicine,advanced
nature,basic
navigation,intermediate
network security,advanced
neuropsychology,advanced
neuroscience,advanced
nursing,advanced
nutrition,intermediate
nutrition counseling,advanced
nutrition science,advanced
occupational therapy,advanced
ocean conservation,advanced
oceanography,advanced
oncology,advanced
online education,intermediate
opera,intermediate
opera singing,advanced
optics,advanced
organic chemistry,advanced
organizational behavior,advanced
ornithology,advanced
osteopathy,advanced
outdoor survival,intermediate
painting,intermediate
paleoclimatology,advanced
paleontology,advanced
paper crafts,basic
parenting,basic
park management,advanced
parkour,intermediate
patent law,advanced
peace studies,advanced
percussion instruments,intermediate
performance art,intermediate
personal development,intermediate
personal finance,intermediate
personal training,intermediate
pet care,basic
pet grooming,basic
pharmacy,advanced
philosophy,advanced
philosophy of science,advanced
photography,intermediate
photography editing,intermediate
photojournalism,advanced
physics,intermediate
physics education,advanced
piano playing,intermediate
pilates,basic
piloting,advanced
planetary science,advanced
plastic surgery,advanced
podcast production,intermediate
podcasting,intermediate
poetry,intermediate
political science,advanced
politics,intermediate
pollution,intermediate
population studies,advanced
pottery,intermediate
product design,advanced
programming languages,advanced
project management,advanced
prosthetics,advanced
prosthodontics,advanced
psychology,advanced
psychology of happiness,advanced
psychotherapy,advanced
public administration,advanced
public health,advanced
public policy,advanced
public relations,advanced
public transport,intermediate
publishing,advanced
quantum computing,advanced
quantum physics,advanced
race relations,advanced
radio astronomy,advanced
radio broadcasting,advanced
real estate,intermediate
reflexology,advanced
relationships,basic
religion,intermediate
renewable energy,advanced
renewable materials,advanced
renewable resources,advanced
restaurant management,advanced
risk management,advanced
robotics,advanced
robotics engineering,advanced
rock climbing,intermediate
roller skating,basic
rural development,advanced
safety engineering,advanced
sales management,advanced
science,intermediate
screenwriting,advanced
scuba diving,intermediate
sculpture,intermediate
security studies,advanced
seismology,advanced
self-help,intermediate
sensory science,advanced
service design,advanced
set design,intermediate
shoe design,intermediate
shopping,basic
sign language,intermediate
skiing,basic
small business management,advanced
social anthropology,advanced
social entrepreneurship,advanced
social media,intermediate
social psychology,advanced
social sciences,intermediate
social welfare,advanced
social work,advanced
sociology,advanced
sociology of education,advanced
software development,advanced
soil science,advanced
solar energy,advanced
sound design,advanced
sound engineering,advanced
space,intermediate
space exploration,advanced
space tourism,advanced
speech therapy,advanced
sports,basic
sports medicine,advanced
sports psychology,advanced
stage management,advanced
statistical analysis,advanced
stock trading,advanced
storytelling,basic
stress management,intermediate
structural engineering,advanced
supply chain logistics,advanced
supply chain management,advanced
surfing,basic
sustainability,advanced
sustainable agriculture,advanced
sustainable design,advanced
swimming,basic
tattoo art,intermediate
tax law,advanced
teacher education,advanced
technical writing,advanced
technology,intermediate
textile design,intermediate
textiles,intermediate
theatre,intermediate
thrillers,basic
time management,intermediate
traditions,basic
transportation engineering,advanced
travel,basic
urban farming,advanced
urban planning,advanced
urbanization,advanced
user experience design,advanced
veterinary medicine,advanced
veterinary science,advanced
video editing,intermediate
video game development,advanced
village life,basic
virology,advanced
virtual reality,advanced
visual arts,intermediate
volunteering,intermediate
water sports,basic
web design,advanced
web development,advanced
wellness,intermediate
wind energy,advanced
woodworking,intermediate
world history,intermediate
writing,basic
yoga,basic
youth,basic
zoology,advanced
