01 net;01 net
20 minutes;20 minutes
7 year peace treaty signing;7 year peace treaty signing
abc 4;abc 4
ablawg;ablawg
academicgates;academicgates
action co;action co
advocateinjabalpur wordpress;advocateinjabalpur wordpress
afp;afp world news
afp infos economiques;afp world news
afp infos françaises;afp world news
afp infos mondiales;afp world news
afp journal internet afp;afp world news
afp world news;afp world news
african press organization;african press organization
airguide online;airguide online
a i r i e f website;airief website
all africa;allafrica
allafrica;allafrica
a medley of potpourri;a medley of potpourri
american journal of international law;american journal of international law
american society of international law;american society of international law
american society of international law proceedings of the annual meeting;american society of international law
annual review social development in pakistan;annual review social development in pakistan
arabian business;arabian business
arizona daily star;arizona daily star
arômes ingrédients additifs;arômes ingrédients additifs
aujourd'hui en france;aujourd'hui en france
australian government news;australian government news
australian sports entertainment;australian sports entertainment
automoblog;automoblog
avis financiers les echos;les echos
azer news;azer news
bank of england;bank of england
banque de france;banque de france
benzinga;benzinga lightning
benzinga lightning;benzinga lightning
benzinga lightning feed;benzinga lightning
blogarama;blogarama
bloomberg.com;bloomberg.com
bloomberg.com (web site ref.);bloomberg.com
bmo / nesbitt burns;bmo nesbitt burns
bmo nesbitt burns;bmo nesbitt burns
books & boots;books & boots
boursorama;boursorama
boursorama (site web réf.);boursorama
briefing;briefing.com
briefing - stocks;briefing.com
bulletin du droit de l'environnement industriel;bulletin du droit de l'environnement industriel
bulletin quotidien;bulletin quotidien
business and economic history on-line;business and economic history on-line
business and financial times (ghana);ghana business and financial times
business and financial times ghana;ghana business and financial times
business and financial times (ghana) (web site ref.);ghana business and financial times
business bhutan;business bhutan
business chief;business chief
business chief (web site ref.);business chief
business class news;business class news
business immo;business immo
business line;business line
business recorder;business recorder
business review usa;business review usa
business review usa (web site ref.) - business chief;business chief
canada newswire;canada newswire
canada newswire (français);canada newswire
canada-united states law journal;canada-united states law journal
canada=united states law journal;canada-united states law journal
canadian government news;canadian government news
canadian insider;canadian insider
canadian journal of history;canadian journal of history
canadian journal of sociology;canadian journal of sociology
canadian public administration;canadian public administration
cbs news;cbs news
c.d. howe institute;cd howe institute
cd howe institute;cd howe institute
central asia;central asia
central bank indonesia;central bank indonesia
ceo ca;ceo ca
ceo ca (web site ref.);ceo ca
challenges (site web);challenges
china daily;china daily
colombo telegraph;colombo telegraph
comment ça marche - comment ça marche;comment ça marche
comment ça marche (site web);comment ça marche
consumer infoline;consumer infoline
contrepoints;contrepoints
cosmétiquemag;cosmétiquemag
cq house action reports;cq house action reports
credit agricole;credit agricole
cyprus mail;cyprus mail
daily balochistan express;daily balochistan express
daily frontier star;daily frontier star
daily frontier star (peshawar, pakistan);daily frontier star
daily herald (arlington heights;daily herald
daily herald;daily herald
daily mirror;daily mirror
daily nation;daily nation
daily the pak banker;daily the pak banker
daily times;daily times
dawn (karachi;dawn.com
dawn karachi;dawn.com
dawn - media man int;dawn.com
décideurs magazine;décideurs magazine
defence journal;defence journal
digital journal;digital journal
digital journal (web site ref.);digital journal
disabled world;disabled world
dna india - dna;dna india
dna india;dna india
drexel law review;drexel law review
écrivains québécois dossiers (l'ile);écrivains québécois
écrivains québécois;écrivains québécois
edgar online-8-k glimpse;edgar online-8-k glimpse
edgar online=8=k glimpse;edgar online-8-k glimpse
edgar online-prospectus and proxies;edgar online-prospectus and proxies
e marketing (site web);e marketing
e+m ekonomie a management;e+m ekonomie a management
environmental health perspectives;environmental health perspectives
environmental law;environmental law
eshtrak wordpress;eshtrak wordpress
eurail;eurail
european central bank;european central bank
european report;european report
european union news;european union news
europe security defense;europe security defense
federal reserve bank of atlanta;federal reserve bank of atlanta
finance brokerage;finance brokerage
finances les echos;les echos
financial institution reports;financial institution reports
financial law reporter;financial law reporter
financial management;financial management
financial post;financial post
financial post (web site ref.);financial post
financial times;financial times
financial times\nasia ed1;financial times
financial times\nlondon ed1;financial times
finanzen;finanzen
finyear;finyear
finyear (site web);finyear
forbes;forbes
forbes us;forbes
forbes (web site ref.);forbes
foreign affairs - foreignaffairs;foreign affairs
foreign affairs (nz) (web site ref.);new zealand ministry of foreign affairs and trade
forex tv;forex tv
fox news;fox news
ghana business and financial times;ghana business and financial times
ghanaian chronicle (accra;the ghanaian chronicle
ghanaian chronicle - forbes;the ghanaian chronicle
ghanaian chronicle forbes;the ghanaian chronicle
gomal university journal of research;gomal university journal of research
gov.uk - government uk;gov.uk
gov.uk;gov.uk
greg tingle official blog;greg tingle official blog
gulf times;gulf times
harvard journal of law and technology;harvard journal of law and technology
health and safety executive;health and safety executive
health management technology;health management technology
hermeneus;hermeneus
homepaddock;homepaddock
hominist papers;hominist papers
huffpost;huffpost
huffpost uk (web site ref.);huffpost
human first medium;human first medium
human first-medium;human first medium
hungarian news digest;hungarian news digest
ifex;ifex
ijar accounting, finance and management sciences;ijar
ijar economics and management sciences;ijar
ijar;ijar
india blooms;india blooms
indian egov newswire;indian egov newswire
industry analysts;industry analysts
inside indiana business;inside indiana business
international journal of professional business review;jpbreview
international narcotics control strategy report;international narcotics control strategy report
intl research journal of arts and humanities;intl research journal of arts and humanities
isgb blogspot;isgb blogspot
islamic banking and insurance news;islamic banking and insurance news
it for business;it for business
it news online;it news online
jagran josh;jagran josh
jaw history column;jaw history column
jerusalem post;the jerusalem post
jnmanokaran;jnmanokaran
journal air and waste management association;journal air and waste management association
journal: air and waste management association;journal air and waste management association
journal of comparative international management;journal of comparative international management
journal of consumer affairs;journal of consumer affairs
journal of european studies;journal of european studies
journal of international affairs;journal of international affairs
journal of international women's studies;journal of international women's studies
journal of the research society of pakistan;journal of the research society of pakistan
jpbreview;jpbreview
just-style;just-style
just style (web site);just-style
kelownanow (bc) (web site ref.);kelownanow
kelownanow;kelownanow
kpmg;kpmg
kylegrindberg;kylegrindberg
labour/le travail;labour/le travail
la correspondance de la presse;la correspondance de la presse
la correspondance de la publicité;la correspondance de la publicité
la correspondance économique;la correspondance économique
la gazette des communes;la gazette des communes
l'agefi actifs;l'agefi
l'agefi.fr;l'agefi
l'agefi hebdo;l'agefi
l'agefi;l'agefi
la matinale du monde;la matinale du monde
lancsliv;lancsliv
lancsliv (web site ref.);lancsliv
la provence;la provence
la relève maroc;la relève maroc
la relève (maroc) (site web réf.);la relève maroc
la tribune dimanche;la tribune france
la tribune (france);la tribune france
la tribune france;la tribune france
la tribune hebdomadaire;la tribune france
la tribune;la tribune france
la tribune occitanie;la tribune france
la tribune occitanie montpellier (site web);la tribune france
law review university of pennsylvania;law review university of pennsylvania
law review (university of pennsylvania law school);law review university of pennsylvania
law review university of pennsylvania law school;law review university of pennsylvania
le bien public;le bien public
l'echo touristique;l'echo touristique
le figaro;le figaro
le figaro (site web);le figaro
le grand continent;le grand continent
le journal de saône et loire;le journal de saône et loire
le journal des entreprises (édition région sud);le journal des entreprises
le journal des entreprises;le journal des entreprises
le journal du net;le journal du net
le lezard;le lézard
le lézard;le lézard
le lezard - le lezard;le lézard
le lézard (web site ref.);le lézard
le monde diplomatique;le monde diplomatique
le monde;le monde
le monde (site web);le monde
le moniteur des travaux publics et du bâtiment;le moniteur des travaux publics et du bâtiment
le parisien;le parisien
le parisien (site web);le parisien
le petit journal;le petit journal
le_petit_journal;le petit journal
le petit journal - le_petit_journal;le petit journal
le point.fr;le point
le point;le point
le-point;le point
le progrès;le progrès
le progrès (lyon);le progrès
le progrès\nedition de villefranche;le progrès
le progrès\nedition d'oyonnax;le progrès
les affaires;les affaires
les echos avis financiers (english);les echos
les echos avis financiers (français);les echos
les echos avis financiers;les echos
les echos finances;les echos
lesechos.fr;les echos
les echos le cercle;les echos
les echos le cercle (site web);les echos
les echos;les echos
lesechos;les echos
les echos start;les echos
les echos week-end;les echos
les nouvelles fiscales;les nouvelles fiscales
le soir;le soir
l'est républicain;l'est républicain
leta;leta
l expert;l'expert
l'expert;l'expert
lexpert;l'expert
lexpert - l'expert;l'expert
lexpert l'expert;l'expert
l express;l'express
l'express;l'express
lexpress;l'express
l'humanité;l'humanité
liberation;libération
libération;libération
libération (site web);libération
liberté (algérie);liberté algérie
liberté algérie;liberté algérie
liberté (algérie) (site web);liberté algérie
l'independant;l'indépendant
l'indépendant;l'indépendant
l'obs;l'obs
loughborough echo;loughborough echo
l'usine nouvelle;l'usine nouvelle
m2 presswire;m2 presswire
maclean's;maclean's
maclean's (web site ref.);maclean's
madame figaro;madame figaro
management international review;management international review
manila bulletin;manila bulletin
manila times;the manila times
marketing (france);marketing france
marketing france;marketing france
marketwired;marketwired
masthead online;masthead online
masthead online (web site ref.);masthead online
mcgill law journal;mcgill law journal
media man international;media man international
media man int;media man international
media man news;media man news
medical product outsourcing;medical product outsourcing
meditech today;meditech today
menafn;menafn
mena report;mena report
mexicanoccupation blogspot;mexicanoccupation blogspot
mind fintech;mind fintech
mind fintech (site web);mind fintech
mind media;mind media
mind media (site web);mind media
mizzima news;mizzima news
mokslas studijos ekonomika blogspot;mokslas studijos ekonomika blogspot
mokslas-studijos-ekonomika blogspot;mokslas-studijos-ekonomika blogspot
monthly labor review;monthly labor review
morningstar.com;morningstar.com
morningstar.com (web site ref.);morningstar.com
morning star;morningstar.com
morningstar;morningstar.com
mpo medical product outsourcing;medical product outsourcing
msn (france);msn.fr
msn.fr;msn.fr
msn - msn fr;msn.fr
msn - msn.fr;msn.fr
msn msn fr;msn.fr
msn msn.fr;msn.fr
muscat daily;muscat daily
musical in life;musical in life
naked capitalism;naked capitalism
national herald tribune;national herald tribune
nationtalk;nationtalk
nationtalk (web site ref.);nationtalk
nature.com;nature.com
neuroquantology;neuroquantology
newsessentials blog;newsessentials blog
news new age (pk);newage.pk
newspress (english);news press
newspress;news press
newspress;newspress
newswire pakistan;newswire pakistan
new zealand ministry of foreign affairs and trade;new zealand ministry of foreign affairs and trade
nigerian tribune;nigerian tribune
nigerian tribune (web site ref.);nigerian tribune
not just rotigraphy;not just rotigraphy
notre dame law review (in);notre dame law review
notre dame law review;notre dame law review
option finance;option finance
ottawa law review;ottawa law review
ourcog;ourcog
pakistan business news;pakistan business news
pakistan company updates;pakistan company updates
pakistan gulf economist;pakistan gulf economist
pakistan investor guide;pakistan investor guide
pakistan j. of library and information science;pakistan j. of library and information science
pakistan journal of criminology;pakistan journal of criminology
pakistan law reporter;pakistan law reporter
pakistan news gazette;pakistan news gazette
pakistan observer;pakistan observer
pakistan perspectives;pakistan perspectives
pakistan press international;pakistan press international
pakistan press international (ppi);pakistan press international
pakistan today;pakistan today
pan african visions;pan african visions
papers of the bibliographical society of canada;papers of the bibliographical society of canada
people's daily online;people's daily online
people's review;people's review
petchary wordpress;petchary wordpress
petroleum supply monthly;petroleum supply monthly
pharma focus asia;pharma focus asia
pharma focus asia (web site ref.);pharma focus asia
philippine daily inquirer;philippine daily inquirer
plos biology;plos one
plos neglected tropical diseases;plos one
plos one;plos one
plus patent news;plus patent news
poetry as socio proctology;poetry as socio-proctology
poetry as socio-proctology;poetry as socio-proctology
policy perspectives;policy perspectives
politico - politico;politico
politico (web site ref.);politico
premium official news;premium official news
pricewaterhousecoopers;pricewaterhousecoopers
pr newswire europe (english);pr newswire
pr newswire;pr newswire
pr newswire uk disclose;pr newswire
pr newswire uk;pr newswire
pr newswire us;pr newswire
proc. of the ann. meeting-amer. soc. of intl. law;proceedings of the annual meeting
pr web (web site ref.);pr newswire
publinet;publinet
pwc france;pricewaterhousecoopers
relevancy22 blogspot;relevancy22 blogspot
reports banks and financial institutions european central bank;european central bank
revue lamy droit de l'immatériel;revue lamy droit de l'immatériel
rfi france;radio france internationale
rfi - radio france internationale;radio france internationale
rfi radio france internationale;radio france internationale
riskassur;riskassur
riskassur (site web);riskassur
rizona daily star;rizona daily star
rossendale free press;rossendale free press
sackville tribune post (nb);sackville tribune post
sackville tribune post;sackville tribune post
sae international journal of connected and automated vehicles;sae international journal of connected and automated vehicles
santé canada;santé canada
santé ipe;santé ipe
sciences et avenir;sciences et avenir
sciences et avenir (site web);sciences et avenir
scott macleod blogspot;scott-macleod blogspot
scott-macleod blogspot;scott-macleod blogspot
security magazine;security magazine
seeking alpha (blog ref.);seeking alpha
seeking alpha;seeking alpha
shallottawa wordpress;shallottawa wordpress
south asian studies;south asian studies
states news services;states news services
stockhouse;stockhouse
stockhouse (web site ref.);stockhouse
stockwatch;stockwatch
stockwatch (web site ref.);stockwatch
straits times (singapore) (web site ref.);straits times
straits times;straits times
strategic studies;strategic studies
stratégies (site web);stratégies
sud ouest (site web);sud ouest
sud ouest;sud ouest
tech and science post;tech and science post
the balochistan times;the balochistan times
the canadian business journal;the canadian business journal
the canadian business journal (web site ref.);the canadian business journal
the chronicle (newcastle;the chronicle newcastle
the chronicle - security magazine;the chronicle security magazine
the common ills;the common ills
the energy journal;the energy journal
the express tribune;the express tribune
the finance today;the finance today
the hamilton spectator;the hamilton spectator
the heritage foundation;the heritage foundation
the independent;the independent
the international economy;the international economy
the jerusalem post;the jerusalem post
the journal (newcastle;newcastle upon tyne newspaper
the journal\nfinal;the journal final
the journal of animal and plant sciences;the journal of animal and plant sciences
the journal of risk and insurance;the journal of risk and insurance
the korea times;the korea times
the manila times;the manila times
the nation;the nation
the new nation (bangladesh);the new nation bangladesh
the new nation bangladesh;the new nation bangladesh
the patriot;the patriot
the phnom penh post;the phnom penh post
the post;the post
the professional counselor;the professional counselor
the rudi connection at whole foods;the rudi connection at whole foods
the star (nairobi;the star nairobi
the times of india;the times of india
the times of malta;the times of malta
the times of malta (web site ref.);the times of malta
the world education news;the world education news
the world education news (web site ref.);the world education news
the zimbabwe independent;the zimbabwe independent
the zimbabwe independent (web site ref.);the zimbabwe independent
tmc net;tmc net
tmcnet;tmc net
tmc net (web site ref.);tmc net
tom travel;tom travel
torch of liberty;torch of liberty
toronto star\nsa2;toronto star
toronto star (on) sa2;toronto star
toronto star (on);toronto star
transnational corporations;transnational corporations
tripalio (site web);tripalio
tripalio;tripalio
tristate homepage;tristate homepage
university of new brunswick law journal;university of new brunswick law journal
urban planning;urban planning
us official news;us official news
vanderbilt law review;vanderbilt law review
wards auto;wards auto
wards auto (web site ref.);wards auto
web sites regional news new age (pk);newage.pk
wee ginger dug;wee ginger dug
world bank;world bank
xinhua - news agency;xinhua news
yahoo! finance canada (web site ref.);yahoo finance
yahoo! finance france;yahoo finance
yahoo finance;yahoo finance
yahoo! finance;yahoo finance
yale law journal;yale law journal
zimbabwesituation;zimbabwesituation
